,customer_id,probability_of_churn,prediction_of_churn
0,4531-AUZNK,0.07281144499502538,0
1,2296-DKZFP,0.09298991632605319,0
2,9692-TUSXH,0.41869869144249144,0
3,5129-JLPIS,0.430174068734516,0
4,1273-MTETI,0.5462770456109557,1
5,8757-TFHHJ,0.534089038024752,1
6,1322-AGOQM,0.10285357699658508,0
7,0743-HRVFF,0.08772667580071117,0
8,0943-ZQPXH,0.10100384895111883,0
9,3932-CMDTD,0.6885501883468483,1
10,6892-BOGQE,0.03245395699967444,0
11,0224-HJAPT,0.43274332750774813,0
12,2439-LYPMQ,0.2898373585850822,0
13,7924-GJZFI,0.26090045236260373,0
14,0823-HSCDJ,0.11226912202393635,0
15,4826-TZEVA,0.13482953695460814,0
16,5151-HQRDG,0.18958355852453124,0
17,6734-GMPVK,0.6317225244365315,1
18,3951-NJCVI,0.18153541254348882,0
19,0733-VUNUW,0.2611007064235847,0
20,3571-DPYUH,0.05203270894757969,0
21,9824-QCJPK,0.16740625364134862,0
22,7876-DNYAP,0.016741414176680458,0
23,3890-RTCMS,0.34730070108689415,0
24,7594-RQHXR,0.3443856958806506,0
25,3229-USWAR,0.32264625141998565,0
26,5995-LFTLE,0.04822377827397563,0
27,1456-TWCGB,0.4957674266081421,0
28,1552-TKMXS,0.12885510783851636,0
29,3276-HDUEG,0.48350544756780034,0
30,0302-JOIVN,0.654485100739864,1
31,2830-LEWOA,0.06593936042949337,0
32,5649-TJHOV,0.28068708644772455,0
33,5886-VLQVU,0.2408882768126951,0
34,1395-WSWXR,0.22394452659602704,0
35,6518-LGAOV,0.2898373585850822,0
36,4514-GFCFI,0.34730070108689415,0
37,1635-FJFCC,0.43274332750774813,0
38,7611-YKYTC,0.18761181909357022,0
39,5829-NVSQN,0.4678741893018437,0
40,0394-YONDK,0.0159196580536175,0
41,0991-BRRFB,0.32448018297485853,0
42,5980-BDHPY,0.09702853680509733,0
43,8249-THVEC,0.041012768304319935,0
44,5039-LZRQT,0.3362619688744508,0
45,9115-YQHGA,0.13482953695460814,0
46,8174-LNWMW,0.16784339232462855,0
47,5038-ETMLM,0.09702853680509733,0
48,6815-ABQFQ,0.13977423412841194,0
49,8086-OVPWV,0.5213374773656999,1
50,5451-MHQOF,0.032051791296365956,0
51,1991-VOPLL,0.3833549947464943,0
52,6725-TPKJO,0.09396544046935768,0
53,8879-ZKJOF,0.2497772204478105,0
54,3597-YASZG,0.07354324989304324,0
55,2969-WGHQO,0.47741559042418563,0
56,8006-PYCSW,0.4707413658847491,0
57,3347-YJZZE,0.22863119819761016,0
58,1696-MZVAU,0.07323684025817974,0
59,5931-FLJJF,0.4699608672558143,0
60,3440-JPSCL,0.6197406001154466,1
61,7923-IYJWY,0.09730337924492473,0
62,8718-PTMEZ,0.3828599234758453,0
63,0067-DKWBL,0.5213374773656999,1
64,6625-IUTTT,0.055448092179056045,0
65,8637-XJIVR,0.3950196180443404,0
66,2509-TFPJU,0.030885173018644255,0
67,0464-WJTKO,0.014393431270132108,0
68,8292-FRFZQ,0.1974024804991856,0
69,6844-DZKRF,0.5213374773656999,1
70,3249-ZPQRG,0.4957674266081421,0
71,7580-UGXNC,0.5714995611860451,1
72,3050-RLLXC,0.08355670945461255,0
73,0581-BXBUB,0.4957674266081421,0
74,8552-OBVRU,0.12071839156037371,0
75,2388-LAESQ,0.09702853680509733,0
76,4488-PSYCG,0.30290642452467315,0
77,9436-ZBZCT,0.4192086259002629,0
78,2074-GKOWZ,0.4403582341153685,0
79,9753-OYLBX,0.48350544756780034,0
80,3055-MJDSB,0.3833549947464943,0
81,5781-RFZRP,0.07013222990677064,0
82,9761-XUJWD,0.5834721547905121,1
83,0118-JPNOY,0.2808967557882041,0
84,8874-EJNSR,0.07323684025817974,0
85,2867-UIMSS,0.534089038024752,1
86,9975-GPKZU,0.052343559464196575,0
87,6100-QQHEB,0.26752780426414213,0
88,2896-TBNBE,0.19723803963930683,0
89,7359-WWYJV,0.09702853680509733,0
90,6646-JPPHA,0.4192086259002629,0
91,5550-VFRLC,0.48350544756780034,0
92,2202-CUYXZ,0.583981164102636,1
93,8035-PWSEV,0.5709864993522985,1
94,3703-KBKZP,0.30290642452467315,0
95,5599-HVLTW,0.37084509016690553,0
96,5382-TEMLV,0.10767178441568939,0
97,6339-TBELP,0.03759738204082659,0
98,7207-RMRDB,0.044871589467672335,0
99,2469-DTSGX,0.06380727326049838,0
100,3704-IEAXF,0.031792850787215776,0
101,6368-TZZDT,0.32143582674799603,0
102,7129-AZJDE,0.11109564948499118,0
103,6407-GSJNL,0.06758990755524301,0
104,9150-HEPMB,0.07762911208640111,0
105,1506-YJTYT,0.11560585846282416,0
106,7134-HBPBS,0.06380727326049838,0
107,3635-QQRQD,0.03965244391881767,0
108,6549-NNDYT,0.3828599234758453,0
109,9796-BPKIW,0.3955203357609393,0
110,8069-YQQAJ,0.37084509016690553,0
111,8242-SOQUO,0.5335677411853812,1
112,3308-DGHKL,0.028050256065773774,0
113,8740-CRYFY,0.534089038024752,1
114,8109-YUOHE,0.3823650951089094,0
115,3976-NLDEZ,0.48350544756780034,0
116,6248-BSHKG,0.024997683176856834,0
117,3970-XGJDU,0.03965244391881767,0
118,0634-SZPQA,0.3129165866174298,0
119,2589-AYCRP,0.07088670294607018,0
120,3800-LYTRK,0.4192086259002629,0
121,6563-VRERX,0.0970008353784404,0
122,9938-ZREHM,0.2596904584994517,0
123,2220-IAHLS,0.48350544756780034,0
124,8979-CAMGB,0.07732965859082117,0
125,0270-THENM,0.031792850787215776,0
126,9611-CTWIH,0.5589263185271626,1
127,8885-QSQBX,0.534089038024752,1
128,9030-QGZNL,0.3955203357609393,0
129,2810-FTLEM,0.34730070108689415,0
130,6350-XFYGW,0.595851635485718,1
131,6993-YGFJV,0.11133396653383844,0
132,4097-YODCF,0.15128143235294902,0
133,0376-OIWME,0.2696474923648461,0
134,5022-JNQEQ,0.309930946204672,0
135,5515-AKOAJ,0.10246762994442866,0
136,6956-SMUCM,0.6551932389575875,1
137,5103-MHMHY,0.30019265955212154,0
138,9391-DXGGG,0.1599715378102086,0
139,7519-JTWQH,0.07361402100826771,0
140,6131-FOYAS,0.19773457621969193,0
141,9681-OXGVC,0.5834721547905121,1
142,1977-STDKI,0.534089038024752,1
143,7302-ZHMHP,0.48350544756780034,0
144,0661-XEYAN,0.48350544756780034,0
145,6007-TCTST,0.04692852219052648,0
146,1682-VCOIO,0.23296228585012796,0
147,2454-RPBRZ,0.5576371298788806,1
148,8710-YGLWG,0.48350544756780034,0
149,0742-LAFQK,0.06686799816772633,0
150,7064-JHXCE,0.023780467593153838,0
151,8242-JSVBO,0.40781641488094145,0
152,1471-GIQKQ,0.534089038024752,1
153,6778-EICRF,0.2381597229631862,0
154,1360-XFJMR,0.1017961459258354,0
155,5702-KVQRD,0.08454867746965723,0
156,7602-MVRMB,0.03865584628065461,0
157,0236-HFWSV,0.4068050208727268,0
158,0880-FVFWF,0.07762911208640111,0
159,9052-DHNKM,0.2808967557882041,0
160,6121-TNHBO,0.09748753009697934,0
161,4693-VWVBO,0.4580154358087444,0
162,1565-RHDJD,0.3555482559311376,0
163,0696-UKTOX,0.17265912957088514,0
164,8267-KFGYD,0.30019265955212154,0
165,2632-TACXW,0.050476878801129346,0
166,1744-JHKYS,0.18215872827318152,0
167,0578-SKVMF,0.22045220807556468,0
168,0670-KDOMA,0.48350544756780034,0
169,8065-BVEPF,0.07375700192493545,0
170,3301-VKTGC,0.02616854788884762,0
171,7660-HDPJV,0.48350544756780034,0
172,2843-CQMEG,0.2611007064235847,0
173,6870-ZWMNX,0.07354324989304324,0
174,1403-LKLIK,0.0970008353784404,0
175,2446-BEGGB,0.5709864993522985,1
176,6164-HAQTX,0.06693280972980253,0
177,3387-VATUS,0.5335677411853812,1
178,3407-JMJQQ,0.040602797630874043,0
179,3580-HYCSP,0.03865584628065461,0
180,5453-AXEPF,0.3942711404967106,0
181,4132-KALRO,0.595851635485718,1
182,6506-EYCNH,0.1218345703991374,0
183,6400-BWQKW,0.4702194972655714,0
184,6916-HIJSE,0.10666959621622958,0
185,5186-PEIZU,0.1411641697258908,0
186,6048-NJXHX,0.13470847216735102,0
187,6134-KWTBV,0.03965244391881767,0
188,6289-CPNLD,0.19454852577859463,0
189,5312-UXESG,0.1816897248665995,0
190,2514-GINMM,0.534089038024752,1
191,2580-ASVVY,0.2596904584994517,0
192,6416-JNVRK,0.10285357699658508,0
193,3739-YBWAB,0.23165637001051045,0
194,6917-YACBP,0.08121639933595905,0
195,8614-VGMMV,0.3138180447982082,0
196,5181-OABFK,0.05731796271565956,0
197,2977-CEBSX,0.10189111486287204,0
198,1624-NALOJ,0.5335677411853812,1
199,5495-GPSRW,0.26150504779177014,0
200,6303-KFWSL,0.21482436469782615,0
201,5624-BQSSA,0.48350544756780034,0
202,6681-ZSEXG,0.09776514659668914,0
203,9185-TQCVP,0.4314604822219563,0
204,8272-ONJLV,0.4947201336342569,0
205,3398-ZOUAA,0.3022452850153203,0
206,9140-CZQZZ,0.09721222352150978,0
207,6418-PIQSP,0.12768396260613446,0
208,9637-EIHEQ,0.534089038024752,1
209,9953-ZMKSM,0.03774927007516755,0
210,9830-ECLEN,0.06298059763226327,0
211,9058-CBREO,0.48350544756780034,0
212,5321-NTRKC,0.042729061104653514,0
213,4654-DLAMQ,0.09739622047100234,0
214,4673-KKSLS,0.2702649456293761,0
215,1031-IIDEO,0.48350544756780034,0
216,3512-IZIKN,0.060878552435134604,0
217,4439-JMPMT,0.4029455137159398,0
218,0027-KWYKW,0.17993772214995246,0
219,4291-YZODP,0.23987261312962066,0
220,0212-ISBBF,0.3698681179922203,0
221,3014-WJKSM,0.26049671607291924,0
222,0411-EZJZE,0.5085580491134075,1
223,6698-OXETB,0.35947016009602467,0
224,0193-ESZXP,0.1522671939874643,0
225,6202-JVYEU,0.3833549947464943,0
226,1848-LBZHY,0.5205555992749203,1
227,8161-QYMTT,0.5080344992751897,1
228,0454-OKRCT,0.21447123968981677,0
229,1215-EXRMO,0.08944343241616672,0
230,0931-MHTEM,0.12265421416060124,0
231,5985-BEHZK,0.06686799816772633,0
232,9921-EZKBY,0.13285018553369565,0
233,4878-BUNFV,0.06347689695004825,0
234,4811-JBUVU,0.24146164778854076,0
235,5673-FSSMF,0.534089038024752,1
236,4301-VVZKA,0.3587490979765944,0
237,4828-FAZPK,0.2389207076703341,0
238,6000-UKLWI,0.10787321299450385,0
239,7395-XWZOY,0.49367288699210143,0
240,6380-ARCEH,0.48350544756780034,0
241,3729-OWRVL,0.0888473668454815,0
242,2856-HYAPG,0.48350544756780034,0
243,7856-GANIL,0.22195015709198992,0
244,4459-BBGHE,0.12729824443349255,0
245,9661-JALZV,0.04822377827397563,0
246,7753-USQYQ,0.09785676459548985,0
247,1015-JPFYW,0.23987261312962066,0
248,7665-NKLAV,0.14469992893533123,0
249,9053-EJUNL,0.15348678693794113,0
250,5117-ZSMHQ,0.04927078264038483,0
251,0117-LFRMW,0.1384818965841187,0
252,9389-ACWBI,0.310379142155748,0
253,6946-LMSQS,0.34611659880364337,0
254,1725-MIMXW,0.30019265955212154,0
255,3996-ZNWYK,0.015137617028330901,0
256,0899-WZRSD,0.11206051614526405,0
257,8815-LMFLX,0.13923335105455123,0
258,0699-NDKJM,0.1589899752884304,0
259,2424-WVHPL,0.534089038024752,1
260,6797-LNAQX,0.028848000410107454,0
261,2043-WVTQJ,0.6437863830681989,1
262,4057-FKCZK,0.03531179810095089,0
263,8512-WIWYV,0.1608178355923554,0
264,5135-GRQJV,0.09702853680509733,0
265,5597-GLBUC,0.583981164102636,1
266,7997-EASSD,0.05824754227554837,0
267,4785-FCIFB,0.052986396002628285,0
268,1755-FZQEC,0.11812372244800412,0
269,5364-XYIRR,0.12276795403885488,0
270,7572-KPVKK,0.0408069317669413,0
271,5115-SQAAU,0.016741414176680458,0
272,6147-CBCRA,0.18990561266894884,0
273,3692-JHONH,0.16624161472345006,0
274,1088-CNNKB,0.12209275994045174,0
275,3810-DVDQQ,0.04692852219052648,0
276,7831-QGOXH,0.32448018297485853,0
277,3474-BAFSJ,0.1589899752884304,0
278,3842-IYKUE,0.19773457621969193,0
279,8519-QJGJD,0.37084509016690553,0
280,9747-DDZOS,0.534089038024752,1
281,4106-HADHQ,0.1787046144562884,0
282,0017-IUDMW,0.04692852219052648,0
283,4763-PGDPO,0.44534405214441564,0
284,8751-EDEKA,0.3573046864696386,0
285,3104-OWCGK,0.04721039820685705,0
286,3148-BLQJT,0.48350544756780034,0
287,2815-CPTUL,0.43274332750774813,0
288,5073-WXOYN,0.07747925281754665,0
289,4760-THGOT,0.20512334866219425,0
290,2724-FJDYW,0.12127439869553641,0
291,7639-OPLNG,0.04264345989396708,0
292,3298-QEICA,0.21178499642487406,0
293,9362-MWODR,0.09672515656126794,0
294,7446-SFAOA,0.16039546776110253,0
295,4737-AQCPU,0.031792850787215776,0
296,9522-ZSINC,0.3362619688744508,0
297,3745-HRPHI,0.042729061104653514,0
298,2669-QVCRG,0.12897169618816817,0
299,0980-FEXWF,0.158388424527996,0
300,6701-YVNQG,0.09702853680509733,0
301,1177-XZBJL,0.06619787039966565,0
302,7771-CFQRQ,0.0878944670708681,0
303,2252-JHJGE,0.08901709245932846,0
304,0661-KBKPA,0.07987503845583856,0
305,8851-RAGOV,0.4425022323029191,0
306,6979-TNDEU,0.3955203357609393,0
307,2072-ZVJJX,0.03763563041128884,0
308,1222-KJNZD,0.06983896058772109,0
309,9372-TXXPS,0.09758052803545905,0
310,5982-PSMKW,0.3766202247531551,0
311,2495-KZNFB,0.21447123968981677,0
312,0207-MDKNV,0.5573764886534887,1
313,1346-PJWTK,0.11174915092750118,0
314,3758-CKOQL,0.1457794062369746,0
315,6959-GQEGV,0.18137848417561264,0
316,2604-IJPDU,0.5062042314526389,1
317,6174-NRBTZ,0.10285357699658508,0
318,6323-AYBRX,0.045928886378109365,0
319,0048-PIHNL,0.09369904769744333,0
320,7811-JIVPF,0.2710920115703284,0
321,7729-JTEEC,0.3441513166608083,0
322,5846-ABOBJ,0.03245395699967444,0
323,9221-OTIVJ,0.5197690511964523,1
324,2889-FPWRM,0.09702853680509733,0
325,7945-HLKEA,0.07747925281754665,0
326,9367-TCUYN,0.3477757028610627,0
327,2277-BKJKN,0.07013222990677064,0
328,7633-MVPUY,0.11195725026770742,0
329,4315-MURBD,0.5452384298305829,1
330,0734-OXWBT,0.41556596583700717,0
331,8714-EUHJO,0.15141713730033757,0
332,0818-OCPZO,0.23258817788674163,0
333,0021-IKXGC,0.48350544756780034,0
334,8383-SGHJU,0.21447123968981677,0
335,6347-DCUIK,0.3713339733780946,0
336,1976-CFOCS,0.5465389053799111,1
337,4854-CIDCF,0.5085580491134075,1
338,9127-QRZMH,0.19690657317388258,0
339,1196-AMORA,0.40781641488094145,0
340,6713-OKOMC,0.41971873298965257,0
341,9820-RMCQV,0.40731061968896287,0
342,5902-WBLSE,0.0159196580536175,0
343,7563-BIUPC,0.48298234169424387,0
344,7683-CBDKJ,0.3427342658740762,0
345,6522-OIQSX,0.036872993093156774,0
346,0388-EOPEX,0.5837289058153711,1
347,7921-BEPCI,0.03578916789226154,0
348,8859-DZTGQ,0.15403192019547937,0
349,3683-QKIUE,0.4702194972655714,0
350,2144-ESWKO,0.14065700478179985,0
351,5057-RKGLH,0.2683495742248173,0
352,2692-PFYTJ,0.48350544756780034,0
353,3021-VLNRJ,0.07288156728885307,0
354,1045-LTCYT,0.278513710044176,0
355,7401-JIXNM,0.11006552349814111,0
356,2657-VPXTA,0.3432063061972772,0
357,5022-KVDQT,0.23258817788674163,0
358,2305-MRGLV,0.27047336912054737,0
359,3865-YIOTT,0.031792850787215776,0
360,9577-WJVCQ,0.03586152540227414,0
361,3847-BAERP,0.3713339733780946,0
362,4032-RMHCI,0.09663448453981432,0
363,7658-UYUQS,0.3937709740385137,0
364,9274-UARKJ,0.4068050208727268,0
365,0847-HGRML,0.01856894663012571,0
366,6078-VESFR,0.3947715285559452,0
367,4223-WOZCM,0.5213374773656999,1
368,0942-KOWSM,0.25642137042376717,0
369,7789-HKSBS,0.24958271758203324,0
370,9432-RUVSL,0.18877885243871248,0
371,3644-QXEHN,0.3543513002262701,0
372,4683-WYDOU,0.10677031711537892,0
373,0925-VYDLG,0.4580154358087444,0
374,2960-NKRSO,0.34635160963126876,0
375,2639-UGMAZ,0.05533848331423668,0
376,2898-LSJGD,0.3085885011205274,0
377,2884-GBPFB,0.17465972966357296,0
378,4659-NZRUF,0.40629961942654874,0
379,0867-LDTTC,0.6317225244365315,1
380,7781-EWARA,0.04264345989396708,0
381,4822-RVYBB,0.5457577874976208,1
382,9800-OUIGR,0.01946485629757113,0
383,3533-UVMOM,0.08082715333140086,0
384,8457-XIGKN,0.26150504779177014,0
385,2990-OGYTD,0.1017961459258354,0
386,5203-XEHAX,0.24107818074275622,0
387,8295-KMENE,0.06002774301833732,0
388,8720-RQSBJ,0.48350544756780034,0
389,9799-CAYJJ,0.5338306765802155,1
390,3717-OFRTN,0.48350544756780034,0
391,2868-MZAGQ,0.534089038024752,1
392,8606-OEGQZ,0.15236041699311997,0
393,9065-ZCPQX,0.08067166035377862,0
394,4587-NUKOX,0.5589263185271626,1
395,8985-OOPOS,0.6779307461893883,1
396,7636-OWBPG,0.3950196180443404,0
397,5825-XJOCM,0.06639180315625656,0
398,4183-WCSEP,0.23221448881512477,0
399,5275-PMFUT,0.04692852219052648,0
400,1751-NCDLI,0.18122437765308474,0
401,6693-DJWTY,0.10147953404482514,0
402,4002-BQWPQ,0.430174068734516,0
403,6954-OOYZZ,0.33556307157869414,0
404,9039-RBEEE,0.23146836780651153,0
405,5170-PTRKA,0.06632747821619396,0
406,7346-MEDWM,0.06732635346202259,0
407,5233-GEEAX,0.444826675171204,0
408,3511-APPBJ,0.40579441634310254,0
409,7143-BQIBA,0.5202919047479181,1
410,2967-MXRAV,0.35579038200143,0
411,7473-ZBDSN,0.22117303854796652,0
412,0265-EDXBD,0.19790223477520713,0
413,1386-ZIKUV,0.40781641488094145,0
414,0420-BWTPW,0.23066780318181784,0
415,1009-IRMNA,0.40781641488094145,0
416,3938-YFPXD,0.06380727326049838,0
417,3727-OWVYD,0.2318412187506292,0
418,5937-EORGB,0.5195098928408517,1
419,2791-SFVEW,0.3833549947464943,0
420,0980-PVMRC,0.12116380065926925,0
421,3648-GZPHF,0.14495937534525286,0
422,9677-AVKED,0.07626760800973154,0
423,1576-PFZIW,0.08859406505468309,0
424,9462-MJUAW,0.44534405214441564,0
425,7511-YMXVQ,0.48245927311489584,0
426,7128-GGCNO,0.08560782469815456,0
427,7492-TAFJD,0.42727708296833056,0
428,8901-UPRHR,0.03865584628065461,0
429,5044-XDPYX,0.08536289348986323,0
430,1010-DIAUQ,0.5834721547905121,1
431,2691-NZETQ,0.43222918170346425,0
432,7586-ZATGZ,0.13482953695460814,0
433,1810-MVMAI,0.21973306407023202,0
434,7296-PIXQY,0.22117303854796652,0
435,9985-MWVIX,0.48350544756780034,0
436,7028-DVOIQ,0.2318412187506292,0
437,0420-TXVSG,0.07368610428428696,0
438,6953-PBDIN,0.07354324989304324,0
439,1090-ESELR,0.03865584628065461,0
440,8903-XEBGX,0.3329269053463437,0
441,9541-PWTWO,0.13409814748944443,0
442,1099-BTKWT,0.08082715333140086,0
443,8807-ARQET,0.15348678693794113,0
444,0673-IGUQO,0.48350544756780034,0
445,0709-TVGUR,0.3833549947464943,0
446,9269-CQOOL,0.3216623232343081,0
447,7798-JVXYM,0.46917595648333493,0
448,7524-VRLPL,0.06093793785909424,0
449,8752-IMQOS,0.310379142155748,0
450,0048-LUMLS,0.11603489341297028,0
451,6410-LEFEN,0.3833549947464943,0
452,5149-TGWDZ,0.48089030257563387,0
453,5514-YQENT,0.1574123275111078,0
454,3063-QFSZL,0.534089038024752,1
455,4458-KVRBJ,0.045928886378109365,0
456,6631-HMANX,0.08067166035377862,0
457,3069-SSVSN,0.48350544756780034,0
458,4366-CTOUZ,0.14643161727099108,0
459,4685-ERGHK,0.06129854928296544,0
460,5756-OZRIO,0.07740507623285055,0
461,3845-JHAMY,0.2389207076703341,0
462,5935-FCCNB,0.3823650951089094,0
463,3468-DRVQJ,0.39020084880611594,0
464,3583-KRKMD,0.32448018297485853,0
465,2419-FSORS,0.08067166035377862,0
466,1357-BIJKI,0.15280877758040662,0
467,4480-QQRHC,0.444826675171204,0
468,1589-AGTLK,0.4580154358087444,0
469,9631-XEYKE,0.4580154358087444,0
470,7503-ZGUZJ,0.534089038024752,1
471,3452-FLHYD,0.26090045236260373,0
472,5219-YIPTK,0.345169031984618,0
473,5951-AOFIH,0.25056311738826686,0
474,3774-VBNXY,0.021517098521097806,0
475,8348-JLBUG,0.06712988713821876,0
476,0396-YCHWO,0.23165637001051045,0
477,5419-JKZNQ,0.21464929236280242,0
478,8808-ELEHO,0.444826675171204,0
479,4950-HKQTE,0.24222982845568755,0
480,6933-FHBZC,0.2808967557882041,0
481,3165-HDOEW,0.35579038200143,0
482,9097-ZUBYC,0.4314604822219563,0
483,1482-OXZSY,0.28047381830818974,0
484,8946-BFWSG,0.022621146921797532,0
485,4256-ZWTZI,0.29975277945660467,0
486,4393-OBCRR,0.4580154358087444,0
487,0074-HDKDG,0.22900084077957325,0
488,0468-YRPXN,0.3343944107903988,0
489,7010-ZMVBF,0.18793130048264423,0
490,5835-BEQEU,0.4580154358087444,0
491,9755-JHNMN,0.15294323416204408,0
492,8084-OIVBS,0.35947016009602467,0
493,4039-HEUNW,0.2696474923648461,0
494,3446-QDSZF,0.4957674266081421,0
495,9873-MNDKV,0.35947016009602467,0
496,6341-JVQGF,0.2467876980388805,0
497,8859-YSTWS,0.07792962725198484,0
498,1777-JYQPJ,0.4707413658847491,0
499,2688-BHGOG,0.43222918170346425,0
500,7032-LMBHI,0.18200138089799792,0
501,6005-OBZPH,0.2808967557882041,0
502,8311-UEUAB,0.03347385701624217,0
503,4959-JOSRX,0.5338306765802155,1
504,4927-WWOOZ,0.631968293601454,1
505,5334-JLAXU,0.09758052803545905,0
506,6322-PJJDJ,0.1595509700799963,0
507,2682-KEVRP,0.24222982845568755,0
508,6905-NIQIN,0.534089038024752,1
509,6685-XSHHU,0.026275525628436283,0
510,6993-YCOBK,0.069161619675976,0
511,3887-PBQAO,0.05494051112323484,0
512,4697-LUPSU,0.3441513166608083,0
513,9465-RWMXL,0.23202943236013612,0
514,3981-QSVQI,0.3955203357609393,0
515,4451-RWASJ,0.2124852117552811,0
516,2256-YLYLP,0.03873376673404295,0
517,9701-CDXHR,0.08536289348986323,0
518,6664-FPDAC,0.13385509717863434,0
519,5351-QESIO,0.30019265955212154,0
520,3258-SANFR,0.42022901167857457,0
521,2968-SSGAA,0.5202919047479181,1
522,1421-HCERK,0.4294062599500238,0
523,7534-BFESC,0.22394452659602704,0
524,1357-MVDOZ,0.33176689964510075,0
525,9548-LERKT,0.2708869038688324,0
526,5244-IRFIH,0.26009338469361243,0
527,7982-VCELR,0.2228542469132724,0
528,5727-MYATE,0.04692852219052648,0
529,7401-RUBNK,0.38211993332464006,0
530,3999-QGRJH,0.3955203357609393,0
531,1853-UDXBW,0.35579038200143,0
532,7434-SHXLS,0.48350544756780034,0
533,5934-RMPOV,0.15209008047419387,0
534,1488-SYSFC,0.10634136083680405,0
535,8065-YKXKD,0.3713339733780946,0
536,5442-PPTJY,0.2393018250598131,0
537,4236-UJPWO,0.4707413658847491,0
538,5245-VDBUR,0.11736305768128855,0
539,9796-MVYXX,0.46917595648333493,0
540,9507-HSMMZ,0.058534974490304585,0
541,5566-SOEZD,0.17962882389142668,0
542,1498-NHTLT,0.08739196157523606,0
543,9214-EKVXR,0.48350544756780034,0
544,1895-QTKDO,0.48350544756780034,0
545,6519-CFDBX,0.4707413658847491,0
546,0354-WYROK,0.21108647006125694,0
547,1837-YQUCE,0.07019996729594517,0
548,4750-UKWJK,0.16039546776110253,0
549,7766-CLTIC,0.46969769375428,0
550,9675-ICXCT,0.03865584628065461,0
551,2996-XAUVF,0.03949321255851796,0
552,0906-QVPMS,0.09702853680509733,0
553,7521-YXVZY,0.2791437060115411,0
554,7134-MJPDY,0.07033682055321834,0
555,6075-QMNRR,0.07777923677271552,0
556,0308-GIQJT,0.05533848331423668,0
557,4290-BSXUX,0.571245291168694,1
558,4851-BQDNX,0.10119421801732327,0
559,7148-XZPHA,0.04966477218280598,0
560,8042-JVNFH,0.48350544756780034,0
561,8237-ULIXL,0.030885173018644255,0
562,9092-GDZKO,0.24222982845568755,0
563,6734-CKRSM,0.4580154358087444,0
564,5919-VCZYM,0.4707413658847491,0
565,4026-SKKHW,0.5085580491134075,1
566,3398-FSHON,0.44430941777661354,0
567,7459-IMVYU,0.24069512944355453,0
568,5921-NGYRH,0.055503453032763515,0
569,8679-LZBMD,0.16682312134596414,0
570,9229-RQABD,0.28174379558730817,0
571,9514-JDSKI,0.6437863830681989,1
572,7838-LAZFO,0.25888582275400496,0
573,6715-OFDBP,0.5834721547905121,1
574,7895-VONWT,0.3348608168035443,0
575,6328-ZPBGN,0.45697561703819645,0
576,4631-OACRM,0.3589879771246699,0
577,8573-JGCZW,0.29221263725652163,0
578,5402-HTOTQ,0.34730070108689415,0
579,4962-CHQPW,0.09287419883364338,0
580,0851-DFJKB,0.4564558476426739,0
581,5478-JJVZK,0.21447123968981677,0
582,7470-DYNOE,0.08935742154311721,0
583,4139-JPIAM,0.11747065013740235,0
584,9396-ZSFLL,0.3138180447982082,0
585,8630-QSGXK,0.14630189649908612,0
586,2400-XIWIO,0.1016047725048685,0
587,9650-VBUOG,0.07678638997366825,0
588,3810-PJUHR,0.0159196580536175,0
589,5956-YHHRX,0.43068762431181845,0
590,8622-ZLFKO,0.5832198081346143,1
591,9531-NSBMR,0.135074080696437,0
592,9903-LYSAB,0.33556307157869414,0
593,2812-SFXMJ,0.30019265955212154,0
594,8778-LMWTJ,0.43222918170346425,0
595,2673-CXQEU,0.13385509717863434,0
596,6036-TTFYU,0.3587490979765944,0
597,2096-XOTMO,0.20404923909023262,0
598,7905-NJMXS,0.6194958969196313,1
599,6141-OOXUQ,0.48350544756780034,0
600,1093-YSWCA,0.35947016009602467,0
601,4732-RRJZC,0.28891080769146366,0
602,4942-VZZOM,0.06712988713821876,0
603,0750-EBAIU,0.11226912202393635,0
604,4902-OHLSK,0.290914583926052,0
605,6885-PKOAM,0.1016047725048685,0
606,7941-RCJOW,0.034202964352600194,0
607,9158-VCTQB,0.344222693687911,0
608,9866-QEVEE,0.3133671394935038,0
609,3946-JEWRQ,0.14656372303125836,0
610,4628-CTTLA,0.0740437308052021,0
611,4912-PIGUY,0.534089038024752,1
612,8465-SBRXP,0.13248967441410844,0
613,3913-FCUUW,0.031792850787215776,0
614,9170-ARBTB,0.039046958477100505,0
615,1400-MMYXY,0.7098476509578946,1
616,4727-MCYZG,0.534089038024752,1
617,0376-YMCJC,0.3129165866174298,0
618,9057-SIHCH,0.5589263185271626,1
619,2038-LLMLM,0.1596902408911076,0
620,1930-QPBVZ,0.03873376673404295,0
621,6048-UWKAL,0.07710641470835071,0
622,1184-PJVDB,0.48220003848243365,0
623,6650-BWFRT,0.09702853680509733,0
624,7721-DVEKZ,0.48350544756780034,0
625,8191-XWSZG,0.06443580582848758,0
626,5619-PTMIK,0.12862014888413342,0
627,8158-WPEZG,0.45697561703819645,0
628,9974-JFBHQ,0.03698441849329218,0
629,0870-VEMYL,0.5335677411853812,1
630,7399-QHBJS,0.02611521807692392,0
631,3654-ARMGP,0.10686937447843879,0
632,1468-DEFNC,0.021517098521097806,0
633,6818-WOBHJ,0.05539374114948664,0
634,5546-QUERU,0.3362619688744508,0
635,7717-BICXI,0.026275525628436283,0
636,4836-WNFNO,0.030885173018644255,0
637,5820-PTRYM,0.13977423412841194,0
638,1963-SVUCV,0.48350544756780034,0
639,4817-VYYWS,0.28047381830818974,0
640,4939-KYYPY,0.27067827994790944,0
641,9135-MGVPY,0.11133396653383844,0
642,2282-YGNOR,0.290914583926052,0
643,8292-TYSPY,0.3585060789318332,0
644,7548-SEPYI,0.5834721547905121,1
645,8992-JQYUN,0.6887767171743703,1
646,6270-OMFIW,0.09758052803545905,0
647,6427-FEFIG,0.2768331094258106,0
648,8938-UMKPI,0.16667632105657176,0
649,0617-AQNWT,0.09739622047100234,0
650,0191-ZHSKZ,0.3231042256329662,0
651,6513-EECDB,0.5465389053799111,1
652,9734-YWGEX,0.5330463710289185,1
653,3269-ATYWD,0.16725904322227472,0
654,8089-UZWLX,0.04565429517032263,0
655,1494-EJZDW,0.2584235092066768,0
656,4706-DGAHW,0.48350544756780034,0
657,5669-SRAIP,0.5335677411853812,1
658,1902-XBTFB,0.21195836309307856,0
659,7321-PKUYW,0.45697561703819645,0
660,1394-SUIUH,0.19690657317388258,0
661,0531-ZZJWQ,0.0706806344455121,0
662,7067-KSAZT,0.09298991632605319,0
663,5172-RKOCB,0.08067166035377862,0
664,9847-HNVGP,0.29221263725652163,0
665,2180-DXNEG,0.4947201336342569,0
666,5133-POWUA,0.48350544756780034,0
667,5995-SNNEW,0.4678741893018437,0
668,7225-IILWY,0.017604829646994176,0
669,6817-WTYHE,0.4707413658847491,0
670,0239-OXEXL,0.12310576577144342,0
671,4395-PZMSN,0.5335677411853812,1
672,7845-URHJN,0.45723780841956363,0
673,4724-WXVWF,0.1343415706735461,0
674,3026-ATZYV,0.1644633742329803,0
675,6581-NQCBA,0.5067278378887077,1
676,5515-RUGKN,0.444826675171204,0
677,5628-RKIFK,0.12850178138877322,0
678,2812-ENYMO,0.3693800307399167,0
679,9027-YFHQJ,0.40781641488094145,0
680,9225-BZLNZ,0.08067166035377862,0
681,3166-PNEOF,0.10686937447843879,0
682,8096-LOIST,0.3133671394935038,0
683,5606-AMZBO,0.48220003848243365,0
684,1442-OKRJE,0.051826445400140385,0
685,6689-TCZHQ,0.48298234169424387,0
686,7167-PCEYD,0.030979086012405427,0
687,3780-DDGSE,0.17901227020288182,0
688,2664-XJZNO,0.03865584628065461,0
689,8766-PAFNE,0.08454867746965723,0
690,5813-UECBU,0.21447123968981677,0
691,7252-NTGSS,0.48350544756780034,0
692,6015-VVHHE,0.48298234169424387,0
693,7103-ZGVNT,0.036872993093156774,0
694,1676-MQAOA,0.06380727326049838,0
695,9411-TPQQV,0.22249166276110538,0
696,4529-CKBCL,0.5213374773656999,1
697,1697-BCSHV,0.04290075625572972,0
698,4662-EKDPQ,0.5213374773656999,1
699,1855-CFULU,0.44534405214441564,0
700,3914-FDRHP,0.48245927311489584,0
701,5003-OKNNK,0.2124852117552811,0
702,3908-BLSYF,0.5208147138514174,1
703,2786-GCDPI,0.14643161727099108,0
704,7295-JOMMD,0.4527418299855688,0
705,9603-OAIHC,0.48350544756780034,0
706,2834-JKOOW,0.5069873478762142,1
707,8780-IXSTS,0.5208147138514174,1
708,4530-NDRKU,0.06347689695004825,0
709,1866-RZZQS,0.1816897248665995,0
710,3097-NQYSN,0.5837289058153711,1
711,0556-FJEGU,0.10227513789664829,0
712,7396-VJUZB,0.32143582674799603,0
713,1265-ZFOSD,0.1167136342839938,0
714,8548-AWOFC,0.06099842594895059,0
715,8663-UPDGF,0.3235625393828046,0
716,0940-OUQEC,0.41971873298965257,0
717,4716-MRVEN,0.18262593956773993,0
718,7989-AWGEH,0.06632747821619396,0
719,9728-FTTVZ,0.48350544756780034,0
720,1623-NLDOT,0.18153541254348882,0
721,9845-PEEKO,0.055667923240466016,0
722,8455-HIRAQ,0.3955203357609393,0
723,5919-TMRGD,0.3443856958806506,0
724,5318-YKDPV,0.1506114316087669,0
725,4475-NVTLU,0.05494051112323484,0
726,1112-CUNAO,0.4068050208727268,0
727,3266-FTKHB,0.29221263725652163,0
728,4208-UFFGW,0.4707413658847491,0
729,1766-GKNMI,0.21482436469782615,0
730,0206-TBWLC,0.2125381306640294,0
731,1098-TDVUQ,0.48350544756780034,0
732,3524-WQDSG,0.1057456187546997,0
733,6855-VLGOS,0.014393431270132108,0
734,7609-NRNCA,0.29221263725652163,0
735,6686-YPGHK,0.11768799238822411,0
736,1360-JYXKQ,0.15253778868668405,0
737,6198-ZFIOJ,0.43274332750774813,0
738,6108-OQZDQ,0.46518875799506987,0
739,4521-YEEHE,0.43094670266815627,0
740,8972-HJWNV,0.5205555992749203,1
741,4115-BNPJY,0.22863119819761016,0
742,4013-GUXND,0.48350544756780034,0
743,2257-BOVXD,0.4816770278154653,0
744,9881-VCZEP,0.30180369430387577,0
745,0485-ZBSLN,0.020465806033384156,0
746,4770-UEZOX,0.5213374773656999,1
747,3209-ZPKFI,0.06038331454216229,0
748,7168-HDQHG,0.0843622530047907,0
749,6308-CQRBU,0.08454867746965723,0
750,8878-HMWBV,0.5085580491134075,1
751,0082-LDZUE,0.48350544756780034,0
752,9142-KZXOP,0.09396544046935768,0
753,7905-TVXTA,0.5834721547905121,1
754,1016-DJTSV,0.3955203357609393,0
755,1866-DIOQZ,0.1016047725048685,0
756,0259-GBZSH,0.5213374773656999,1
757,5977-CKHON,0.08806254828918868,0
758,2270-CHBFN,0.23091150294859744,0
759,9878-TNQGW,0.5213374773656999,1
760,0953-LGOVU,0.3205227076294502,0
761,6994-FGRHH,0.04264345989396708,0
762,3658-KIBGF,0.583981164102636,1
763,2674-MLXMN,0.04565429517032263,0
764,0218-QNVAS,0.027448578916629236,0
765,9392-XBGTD,0.10186218178715992,0
766,9638-JIQYA,0.4707413658847491,0
767,0895-LNKRC,0.2995348981000996,0
768,0013-SMEOE,0.1016047725048685,0
769,1571-SAVHK,0.4947201336342569,0
770,7180-PISOG,0.35579038200143,0
771,9360-AHGNL,0.2789984426796433,0
772,1154-HYWWO,0.24069512944355453,0
773,8544-GOQSH,0.4192086259002629,0
774,5089-IFSDP,0.1522671939874643,0
775,6928-ONTRW,0.014393431270132108,0
776,8887-IPQNC,0.4699608672558143,0
777,0947-IDHRQ,0.45749548013207664,0
778,7566-DSRLQ,0.08067166035377862,0
779,7188-CBBBA,0.06105792070381914,0
780,8580-AECUZ,0.534089038024752,1
781,0585-EGDDA,0.19723803963930683,0
782,5296-PSYVW,0.030885173018644255,0
783,0135-NMXAP,0.44430941777661354,0
784,6710-HSJRD,0.13349227886764106,0
785,1729-VLAZJ,0.3319971141278488,0
786,7812-FZHPE,0.19586488789532522,0
787,5876-HZVZM,0.39069940304337375,0
788,5131-PONJI,0.0800291296265676,0
789,5726-CVNYA,0.278513710044176,0
790,5863-OOKCL,0.3713339733780946,0
791,2982-IHMFT,0.48350544756780034,0
792,0595-ITUDF,0.03881183791422292,0
793,3957-LXOLK,0.34587752144587935,0
794,7668-XCFYV,0.4435360173181085,0
795,7593-JNWRU,0.2995348981000996,0
796,1396-QWFBJ,0.19553516697709003,0
797,3132-TVFDZ,0.0933438779365262,0
798,1839-FBNFR,0.07323684025817974,0
799,8705-WZCYL,0.48350544756780034,0
800,6963-EZQEE,0.10637141550254081,0
801,1904-WAJAA,0.2381597229631862,0
802,3727-JEZTU,0.48350544756780034,0
803,1187-WILMM,0.0723883276357048,0
804,1229-RCALF,0.1392712530626609,0
805,1270-XKUCC,0.11130268436497845,0
806,9236-NDUCW,0.3353275456155669,0
807,4465-VDKIQ,0.37035647141939976,0
808,8008-HAWED,0.46917595648333493,0
809,7450-NWRTR,0.4947201336342569,0
810,6732-VAILE,0.04264345989396708,0
811,5575-GNVDE,0.20597704182357943,0
812,9752-ZNQUT,0.534089038024752,1
813,3454-JFUBC,0.029479423278181614,0
814,6407-UTSLV,0.5714995611860451,1
815,6656-JWRQX,0.534089038024752,1
816,4999-IEZLT,0.03957275145000367,0
817,0907-HQNTS,0.10637141550254081,0
818,7590-VHVEG,0.5961060379377342,1
819,1060-ENTOF,0.1017961459258354,0
820,3457-PQBYH,0.029024583124407123,0
821,5619-XZZKR,0.44534405214441564,0
822,5555-RNPGT,0.2130099472586583,0
823,0780-XNZFN,0.050627252454057525,0
824,3374-LXDEV,0.48193624297327886,0
825,5133-VRSAB,0.444826675171204,0
826,9388-ZEYVT,0.16696747887766739,0
827,9909-DFRJA,0.3693800307399167,0
828,8577-QSOCG,0.07678638997366825,0
829,2137-DQMEV,0.03185739560845615,0
830,4274-DRSQT,0.04803184871720629,0
831,2758-RNWXS,0.2318412187506292,0
832,5671-UUNXD,0.15280877758040662,0
833,0247-SLUJI,0.35579038200143,0
834,9919-FZDED,0.08067166035377862,0
835,5840-NVDCG,0.36565671953713585,0
836,4521-WFJAI,0.05314382723386292,0
837,9860-LISIZ,0.14748202234365687,0
838,7734-DBOAI,0.4530036186705248,0
839,0057-QBUQH,0.04763581588945334,0
840,6298-QDFNH,0.2813200816795013,0
841,1757-TCATG,0.08839958210026301,0
842,6838-YAUVY,0.10246762994442866,0
843,2369-FEVNO,0.48350544756780034,0
844,1169-WCVAK,0.46839575632547575,0
845,8559-CIZFV,0.3085885011205274,0
846,9068-VPWQQ,0.11174915092750118,0
847,6543-XRMYR,0.28047381830818974,0
848,8722-PRFDV,0.03340615016255402,0
849,6233-HXJMX,0.12873655605891368,0
850,9668-PUGNU,0.03245395699967444,0
851,7074-IEVOJ,0.5085580491134075,1
852,3506-OVLKD,0.1411641697258908,0
853,3992-YWPKO,0.6661932426623937,1
854,3128-YOVTD,0.06026457225852364,0
855,7389-KBFIT,0.39119818563108266,0
856,4622-YNKIJ,0.25056311738826686,0
857,3778-FOAQW,0.2708869038688324,0
858,3146-JTQHR,0.43197440932863984,0
859,3945-GFWQL,0.19635881319376436,0
860,3987-KQDDU,0.43222918170346425,0
861,6243-OZGFH,0.3129165866174298,0
862,7817-BOQPW,0.4707413658847491,0
863,8388-FYNPZ,0.5462770456109557,1
864,4703-MQYKT,0.25174504528424324,0
865,3284-SVCRO,0.11258358128736926,0
866,8847-GEOOQ,0.1395225536901758,0
867,9581-GVBXT,0.04084830667445627,0
868,8350-NYMVI,0.1974024804991856,0
869,6352-TWCAU,0.16755101430134434,0
870,8044-BGWPI,0.2393018250598131,0
871,5834-ASPWA,0.48350544756780034,0
872,5884-GCYMI,0.48350544756780034,0
873,7909-FIOIY,0.18024703489337168,0
874,7055-JCGNI,0.08462907175565468,0
875,1658-XUHBX,0.04084830667445627,0
876,5590-BYNII,0.3698681179922203,0
877,6518-PPLMZ,0.03717172088924901,0
878,9824-BEMCV,0.19586488789532522,0
879,1813-JYWTO,0.037559832753901776,0
880,4350-ZTLPI,0.18829952643789488,0
881,9507-EXLTT,0.5961060379377342,1
882,5766-XQXMQ,0.3343944107903988,0
883,0106-UGRDO,0.11133396653383844,0
884,4257-GAESD,0.5208147138514174,1
885,6683-VLCTZ,0.39401884409607296,0
886,0970-ETWGE,0.583981164102636,1
887,8679-JOEVF,0.3945191205053204,0
888,4883-QICIH,0.10157591154300147,0
889,7156-MXBJE,0.231095936093937,0
890,7216-EWTRS,0.6887767171743703,1
891,3370-HXOPH,0.4580154358087444,0
892,8963-JLGJT,0.3673568669609474,0
893,1602-IJQQE,0.44534405214441564,0
894,3791-LGQCY,0.11714623583545698,0
895,4255-DDUOU,0.35579038200143,0
896,3487-EARAT,0.04264345989396708,0
897,2903-YYTBW,0.35579038200143,0
898,5688-KZTSN,0.2124852117552811,0
899,4282-YMKNA,0.3833549947464943,0
900,8942-DBMHZ,0.3477757028610627,0
901,8097-OMULG,0.07252911427019776,0
902,5701-ZIKJE,0.3828599234758453,0
903,3144-KMTWZ,0.058018150233438925,0
904,4808-YNLEU,0.2408882768126951,0
905,2232-DMLXU,0.5961060379377342,1
906,1934-SJVJK,0.48350544756780034,0
907,8197-BFWVU,0.04692852219052648,0
908,5126-RCXYW,0.06310433207495,0
909,5996-DAOQL,0.48350544756780034,0
910,0030-FNXPP,0.4580154358087444,0
911,4510-PYUSH,0.1745074777100881,0
912,6322-HRPFA,0.0800291296265676,0
913,2057-ZBLPD,0.3465908410547354,0
914,8329-GWVPJ,0.04307311027420808,0
915,3845-FXCYS,0.4707413658847491,0
916,9497-QCMMS,0.583981164102636,1
917,1080-BWSYE,0.04579179475802617,0
918,5519-NPHVG,0.44430941777661354,0
919,5063-IUOKK,0.3362619688744508,0
920,8450-LUGUK,0.08049303281341869,0
921,7613-LLQFO,0.3950196180443404,0
922,3158-MOERK,0.5714995611860451,1
923,0979-PHULV,0.030316545100744895,0
924,5680-LQOGP,0.09290084302108033,0
925,8620-RJPZN,0.48350544756780034,0
926,4390-KYULV,0.5210783855272355,1
927,1608-GMEWB,0.12873655605891368,0
928,3635-JBPSG,0.4068050208727268,0
929,5542-NKVRU,0.10304703275844629,0
930,7037-MTYVW,0.18633807085412876,0
931,9992-UJOEL,0.5213374773656999,1
932,2987-BJXIK,0.07019996729594517,0
933,0516-QREYC,0.22394452659602704,0
934,7693-LCKZL,0.3553103969426525,0
935,6486-LHTMA,0.2802643416218082,0
936,3419-SNJJD,0.09298991632605319,0
937,3967-VQOGC,0.018511936223710956,0
938,5348-CAGXB,0.44430941777661354,0
939,6625-UTXEW,0.456717991626074,0
940,2667-WYLWJ,0.278513710044176,0
941,9819-FBNSV,0.16039546776110253,0
942,0519-XUZJU,0.48350544756780034,0
943,9821-BESNZ,0.07033682055321834,0
944,4986-MXSFP,0.4707413658847491,0
945,0191-EQUUH,0.15852687197096962,0
946,4660-IRIBM,0.2982180228735289,0
947,8095-WANWK,0.3713339733780946,0
948,9501-UKKNL,0.08121639933595905,0
949,9688-YGXVR,0.1599715378102086,0
950,1612-EOHDH,0.48350544756780034,0
951,5730-RIITO,0.14065700478179985,0
952,0208-BPQEJ,0.2393018250598131,0
953,1241-FPMOF,0.06443580582848758,0
954,1984-FCOWB,0.08859406505468309,0
955,7041-TXQJH,0.18200138089799792,0
956,4853-RULSV,0.05807491795823932,0
957,7253-UVNDW,0.12310576577144342,0
958,3536-IQCTX,0.23202943236013612,0
959,9943-VSZUV,0.030979086012405427,0
960,9089-UOWJG,0.3205227076294502,0
961,2452-KDRRH,0.055448092179056045,0
962,7598-UAASY,0.5837289058153711,1
963,5130-YPIRV,0.10677031711537892,0
964,8429-XIBUM,0.3698681179922203,0
965,5702-SKUOB,0.5082985640536941,1
966,3716-BDVDB,0.48350544756780034,0
967,8665-UTDHZ,0.4034495781788239,0
968,7841-FCRQD,0.26009338469361243,0
969,4903-UYAVB,0.4955078875536344,0
970,5129-HHMZC,0.2789984426796433,0
971,6458-CYIDZ,0.5335677411853812,1
972,9073-ZZIAY,0.07590012075207521,0
973,3404-JNXAX,0.049763735136007944,0
974,6121-VZNQB,0.48350544756780034,0
975,3672-YITQD,0.19756992681577398,0
976,6505-OZNPG,0.7096299933507226,1
977,0289-IVARM,0.2318412187506292,0
978,0164-XAIRP,0.22394452659602704,0
979,7284-BUYEC,0.5834721547905121,1
980,2516-XSJKX,0.1641757224790721,0
981,8138-EALND,0.3138180447982082,0
982,6288-LBEAR,0.3129165866174298,0
983,3858-VOBET,0.23296228585012796,0
984,8316-BBQAY,0.0888473668454815,0
985,8040-MNRTF,0.48350544756780034,0
986,8731-WBBMB,0.48010824126917245,0
987,3627-FCRDW,0.3833549947464943,0
988,7139-JZFVG,0.04721039820685705,0
989,8167-GJLRN,0.5085580491134075,1
990,7890-VYYWG,0.571245291168694,1
991,9386-LDCZR,0.19707080552557746,0
992,4950-BDEUX,0.2318412187506292,0
993,3902-MIVLE,0.04946740557860491,0
994,1139-WUOAH,0.10706948205479423,0
995,5986-WWXDV,0.05782893262870928,0
996,4815-GBTCD,0.5082985640536941,1
997,3549-ZTMNH,0.2393018250598131,0
998,4884-LEVMQ,0.14708854033431343,0
999,5419-CONWX,0.6435440545113981,1
1000,8612-GXIDD,0.2393018250598131,0
1001,4412-YLTKF,0.23258817788674163,0
1002,0559-CKHUS,0.22340050091022362,0
1003,2004-OCQXK,0.534089038024752,1
1004,5707-ZMDJP,0.07987503845583856,0
1005,6904-JLBGY,0.07703126376326204,0
1006,3678-MNGZX,0.017604829646994176,0
1007,9838-BFCQT,0.014393431270132108,0
1008,1951-IEYXM,0.04692852219052648,0
1009,0895-DQHEW,0.15253778868668405,0
1010,3439-GVUSX,0.48350544756780034,0
1011,6253-GNHWH,0.03340615016255402,0
1012,2346-DJQTB,0.1411641697258908,0
1013,5968-HYJRZ,0.04986288493804561,0
1014,3645-DEYGF,0.30019265955212154,0
1015,1346-UFHAX,0.3828599234758453,0
1016,3500-NSDOA,0.03185739560845615,0
1017,3733-UOCWF,0.07740507623285055,0
1018,4304-TSPVK,0.11649785385614543,0
1019,0128-MKWSG,0.17978187153198621,0
1020,2361-FJWNO,0.16025323574113412,0
1021,3785-NRHYR,0.48350544756780034,0
1022,6419-ZTTLE,0.2811102198796858,0
1023,2831-EBWRN,0.44534405214441564,0
1024,4439-YRNVD,0.46969769375428,0
1025,1150-FTQGN,0.04721039820685705,0
1026,0567-XRHCU,0.030316545100744895,0
1027,8659-HDIYE,0.07732965859082117,0
1028,1561-BWHIN,0.18024703489337168,0
1029,1657-DYMBM,0.07770479718217527,0
1030,3398-GCPMU,0.04692852219052648,0
1031,6849-OYAMU,0.3308387413481879,0
1032,5906-BFOZT,0.48350544756780034,0
1033,1237-WIYYZ,0.28174379558730817,0
1034,4385-GZQXV,0.4437922810536828,0
1035,2592-YKDIF,0.48350544756780034,0
1036,2974-GGUXS,0.23165637001051045,0
1037,2188-SXWVT,0.20597704182357943,0
1038,7989-CHGTL,0.48350544756780034,0
1039,2988-QRAJY,0.07361402100826771,0
1040,9399-APLBT,0.4034495781788239,0
1041,9637-CDTKZ,0.09702853680509733,0
1042,7055-HNEOJ,0.6199895553591072,1
1043,2378-HTWFW,0.19773457621969193,0
1044,0164-APGRB,0.07703126376326204,0
1045,5499-ECUTN,0.1737556717259151,0
1046,9618-LFJRU,0.44534405214441564,0
1047,4139-SUGLD,0.15141713730033757,0
1048,3070-FNFZQ,0.15195623937287545,0
1049,2777-PHDEI,0.534089038024752,1
1050,2842-BCQGE,0.09841295405463112,0
1051,6901-GOGZG,0.054560601024868406,0
1052,2984-RGEYA,0.016741414176680458,0
1053,2530-ENDWQ,0.047888795105992754,0
1054,8671-KKKOS,0.18122437765308474,0
1055,8148-NLEGT,0.06347689695004825,0
1056,1897-OKVMW,0.06902688321243111,0
1057,4816-OKWNX,0.11027087680852475,0
1058,4182-BGSIQ,0.2584235092066768,0
1059,6376-GAHQE,0.4957674266081421,0
1060,8260-NGFNY,0.48350544756780034,0
1061,8229-TNIQA,0.44534405214441564,0
1062,2236-HILPA,0.023780467593153838,0
1063,0248-PGHBZ,0.06706375313224859,0
1064,0804-XBFBV,0.20455855318171579,0
1065,0369-ZGOVK,0.1218345703991374,0
1066,7901-HXJVA,0.37084509016690553,0
1067,2235-ZGKPT,0.32143582674799603,0
1068,3913-RDSJZ,0.04579179475802617,0
1069,9643-AVVWI,0.4277897764681894,0
1070,8149-AIQCG,0.11812372244800412,0
1071,8922-NPKBJ,0.06347689695004825,0
1072,4576-CSAJH,0.32402119204055646,0
1073,1121-QSIVB,0.08026009964950434,0
1074,3712-PKXZA,0.052986396002628285,0
1075,4707-YNOQA,0.09261058351919292,0
1076,4361-FEBGN,0.07792962725198484,0
1077,0318-QUUOB,0.5961060379377342,1
1078,6576-FBXOJ,0.5444614792199973,1
1079,2479-BRAMR,0.18926192294113284,0
1080,3752-CQSJI,0.23011228763926828,0
1081,6345-FZOQH,0.03582564521647662,0
1082,7270-BDIOA,0.32402119204055646,0
1083,8593-WHYHV,0.5085580491134075,1
1084,5372-FBKBN,0.13357581843836386,0
1085,4030-VPZBD,0.5213374773656999,1
1086,6772-KSATR,0.534089038024752,1
1087,0068-FIGTF,0.4052894126134125,0
1088,6080-LNESI,0.06758990755524301,0
1089,1705-GUHPV,0.03774927007516755,0
1090,4227-OJHAL,0.03873376673404295,0
1091,0835-JKADZ,0.06693280972980253,0
1092,3785-KTYSH,0.06141919570940967,0
1093,9114-AAFQH,0.16653216493181638,0
1094,7605-SNLQG,0.13446448743507522,0
1095,3062-ICYZQ,0.07281144499502538,0
1096,7445-WMRBW,0.1596902408911076,0
1097,9530-GRMJG,0.04264345989396708,0
1098,1205-WNWPJ,0.5080344992751897,1
1099,8413-VONUO,0.6202341357004777,1
1100,6434-TTGJP,0.4896695482458565,0
1101,6728-DKUCO,0.031792850787215776,0
1102,2516-VQRRV,0.4707413658847491,0
1103,7315-WYOAW,0.48193624297327886,0
1104,7501-VTYLJ,0.3329269053463437,0
1105,2749-CTKAJ,0.15866786127470156,0
1106,5248-YGIJN,0.09702853680509733,0
1107,2178-PMGCJ,0.24222982845568755,0
1108,9314-IJWSQ,0.258022267804139,0
1109,4338-EYCER,0.3465908410547354,0
1110,7109-MFBYV,0.2066630893209498,0
1111,3318-NMQXL,0.5589263185271626,1
1112,0186-CAERR,0.08074869329851019,0
1113,4860-IJUDE,0.3828599234758453,0
1114,3308-JSGML,0.1457794062369746,0
1115,9530-EHPOH,0.40731061968896287,0
1116,6305-YLBMM,0.07361402100826771,0
1117,3230-WYKIR,0.46865428658461805,0
1118,9945-PSVIP,0.13923335105455123,0
1119,7721-JXEAW,0.08503635741177852,0
1120,3727-RJMEO,0.5333093432616142,1
1121,2230-XTUWL,0.0474938829398802,0
1122,5084-OOVCJ,0.26752780426414213,0
1123,8270-RKSAP,0.3833549947464943,0
1124,8584-KMVXD,0.444826675171204,0
1125,5842-POCOP,0.6433058529444005,1
1126,2805-AUFQN,0.2151779118569008,0
1127,7312-XSBAT,0.534089038024752,1
1128,4983-CCWMC,0.4580154358087444,0
1129,0804-YGEQV,0.060502275726511165,0
1130,1709-EJDOX,0.04986288493804561,0
1131,2277-DJJDL,0.09758052803545905,0
1132,9470-XCCEM,0.1269505937541991,0
1133,3224-DFQNQ,0.07368610428428696,0
1134,7517-LDMPS,0.44430941777661354,0
1135,8668-KNZTI,0.09360936523321857,0
1136,8207-DMRVL,0.04692852219052648,0
1137,6275-YDUVO,0.5714995611860451,1
1138,0550-DCXLH,0.5325249286840438,1
1139,4365-MSDYN,0.45723780841956363,0
1140,9863-JZAIC,0.16755101430134434,0
1141,7197-VOJMM,0.0847109547353689,0
1142,1084-UQCHV,0.30019265955212154,0
1143,9279-CJEOJ,0.3353275456155669,0
1144,0112-QWPNC,0.22158862447965783,0
1145,9095-HFAFX,0.48298234169424387,0
1146,8873-TMKGR,0.18262593956773993,0
1147,2862-PFNIK,0.30019265955212154,0
1148,7996-BPXHY,0.23011228763926828,0
1149,3399-BMLVW,0.07281144499502538,0
1150,9128-CPXKI,0.08121639933595905,0
1151,5828-DWPIL,0.08893293471222254,0
1152,7969-AULMZ,0.3353275456155669,0
1153,2603-HVKCG,0.31201654044610766,0
1154,0909-SDHNU,0.2787223849763479,0
1155,9170-CCKOU,0.49393698168487576,0
1156,4080-OGPJL,0.5457577874976208,1
1157,7623-TRNQN,0.3443856958806506,0
1158,6629-LADHQ,0.5213374773656999,1
1159,4652-ODEVH,0.05494051112323484,0
1160,9862-KJTYK,0.14586934067304172,0
1161,3934-HXCFZ,0.4678741893018437,0
1162,4419-UJMUS,0.030316545100744895,0
1163,7336-RLLRH,0.41742684312730405,0
1164,3649-JPUGY,0.06380727326049838,0
1165,6599-GZWCM,0.3828599234758453,0
1166,1564-HJUVY,0.595851635485718,1
1167,9199-PWQVC,0.10198783888072954,0
1168,7606-BPHHN,0.024155172356256804,0
1169,4317-VTEOA,0.534089038024752,1
1170,3061-BCKYI,0.3249395115519306,0
1171,7716-YTYHG,0.057544755476674925,0
1172,3352-RICWQ,0.2683495742248173,0
1173,0295-QVKPB,0.5834721547905121,1
1174,1764-VUUMT,0.015184396458895829,0
1175,5989-OMNJE,0.31915560329850234,0
1176,3247-MHJKM,0.48350544756780034,0
1177,9972-NKTFD,0.26069676955047466,0
1178,2359-KLTEK,0.11582020330057777,0
1179,9231-ZJYAM,0.4957674266081421,0
1180,4829-ZLJTK,0.08067166035377862,0
1181,1047-NNCBF,0.26150504779177014,0
1182,6465-GSRCL,0.03188943295048122,0
1183,8286-AFUYI,0.534089038024752,1
1184,3092-IGHWF,0.02750455468182155,0
1185,0541-FITGH,0.631968293601454,1
1186,2203-GHNWN,0.31269340961449243,0
1187,7954-MLBUN,0.31201654044610766,0
1188,2675-DHUTR,0.10697026142669783,0
1189,7824-PANSQ,0.05841964093691444,0
1190,8805-JNRAZ,0.5213374773656999,1
1191,0390-DCFDQ,0.5465389053799111,1
1192,3923-CSIHK,0.08944343241616672,0
1193,9570-KYEUA,0.07732965859082117,0
1194,1075-BGWOH,0.5067278378887077,1
1195,6490-FGZAT,0.42022901167857457,0
1196,1921-KYSAY,0.1816897248665995,0
1197,6732-FZUGP,0.14040399424826364,0
1198,1877-HKBQX,0.45697561703819645,0
1199,9822-WMWVG,0.2497772204478105,0
1200,0877-SDMBN,0.12265421416060124,0
1201,7672-VFMXZ,0.0933438779365262,0
1202,4926-UMJZD,0.24127153782228972,0
1203,4877-TSOFF,0.0726701532670128,0
1204,9391-TTOYH,0.23296228585012796,0
1205,6653-CBBOM,0.48350544756780034,0
1206,7551-DACSP,0.39069940304337375,0
1207,0219-YTZUE,0.4153138308338582,0
1208,0929-PECLO,0.05555790537769743,0
1209,9506-UXUSK,0.3362619688744508,0
1210,7394-FKDNK,0.5455003903056699,1
1211,3797-FKOGQ,0.2394908728868577,0
1212,5600-PDUJF,0.4702194972655714,0
1213,6507-ZJSUR,0.3696261736789932,0
1214,5539-HIVAK,0.23240291377327807,0
1215,6848-YLDFR,0.06298059763226327,0
1216,4446-BZKHU,0.11174915092750118,0
1217,0447-BEMNG,0.16653216493181638,0
1218,3813-DHBBB,0.0847109547353689,0
1219,7742-MYPGI,0.3436786567033681,0
1220,2274-XUATA,0.09702853680509733,0
1221,6652-YFFJO,0.45697561703819645,0
1222,5012-YSPJJ,0.15141713730033757,0
1223,2931-SVLTV,0.1713180258738872,0
1224,6463-MVYRY,0.10706948205479423,0
1225,6435-SRWBJ,0.5335677411853812,1
1226,6906-ANDWJ,0.2124852117552811,0
1227,4625-XMOYM,0.014393431270132108,0
1228,8963-MQVYN,0.12776440327746744,0
1229,1891-QRQSA,0.057092009633806375,0
1230,3090-LETTY,0.37932682437180515,0
1231,1376-HHBDV,0.20631985454612198,0
1232,7771-ZONAT,0.41818893064696794,0
1233,0608-JDVEC,0.08944343241616672,0
1234,2925-MXLSX,0.28047381830818974,0
1235,6374-AFWOX,0.21324016240057786,0
1236,1125-SNVCK,0.07433148488682448,0
1237,6762-NSODU,0.052343559464196575,0
1238,3373-DIUUN,0.11130268436497845,0
1239,4102-HLENU,0.07026896109130004,0
1240,3346-BRMIS,0.4811540572958836,0
1241,4302-ZYFEL,0.016741414176680458,0
1242,5204-QZXPU,0.3585060789318332,0
1243,9588-OZDMQ,0.5338306765802155,1
1244,3714-XPXBW,0.2900511068992053,0
1245,5766-ZJYBB,0.48350544756780034,0
1246,0637-YLETY,0.4437922810536828,0
1247,1142-WACZW,0.5213374773656999,1
1248,2276-YDAVZ,0.4580154358087444,0
1249,4988-IQIGL,0.48350544756780034,0
1250,4083-EUGRJ,0.3833549947464943,0
1251,2805-EDJPQ,0.0692965995611371,0
1252,9402-ROUMJ,0.040684476558846945,0
1253,0431-APWVY,0.17221204416139393,0
1254,5944-UGLLK,0.12826737184030906,0
1255,5397-TUPSH,0.043607334469719754,0
1256,3551-HUAZH,0.48350544756780034,0
1257,9774-NRNAU,0.46735269247261335,0
1258,9505-SQFSW,0.4277897764681894,0
1259,9817-APLHW,0.3477757028610627,0
1260,1513-XNPPH,0.4947201336342569,0
1261,3733-ZEECP,0.18761181909357022,0
1262,2697-NQBPF,0.28005126963180443,0
1263,3623-FQBOX,0.25174504528424324,0
1264,9805-FILKB,0.052343559464196575,0
1265,7228-PAQPD,0.4192086259002629,0
1266,0757-WCUUZ,0.05213613144100117,0
1267,4111-BNXIF,0.04936900130634125,0
1268,6198-RTPMF,0.4435360173181085,0
1269,0930-EHUZA,0.3006993975251947,0
1270,7526-IVLYU,0.4580154358087444,0
1271,3452-GWUIN,0.41844601660965397,0
1272,8400-WZICQ,0.04966477218280598,0
1273,4254-QPEDE,0.23016831346024716,0
1274,1023-BQXZE,0.10706948205479423,0
1275,5161-XEUVX,0.2596904584994517,0
1276,4250-WAROZ,0.04721039820685705,0
1277,4423-YLHDV,0.49341337146519415,0
1278,9424-CMPOG,0.2683495742248173,0
1279,0742-MOABM,0.5586703491478866,1
1280,7706-DZNKK,0.35947016009602467,0
1281,2729-VNVAP,0.0970008353784404,0
1282,8404-GFGCZ,0.6078628561317045,1
1283,4335-UPJSI,0.11678808897015217,0
1284,4367-NHWMM,0.48350544756780034,0
1285,8630-FJLIB,0.28174379558730817,0
1286,8780-RSYYU,0.2151779118569008,0
1287,6899-PPEEA,0.18200138089799792,0
1288,0774-RMNUW,0.040602797630874043,0
1289,1965-DDBWU,0.3945191205053204,0
1290,3212-KXOCR,0.06443580582848758,0
1291,0409-WTMPL,0.1522671939874643,0
1292,0867-MKZVY,0.35826734122690285,0
1293,7814-LEEVE,0.5465389053799111,1
1294,7883-ROJOC,0.3242526507687711,0
1295,4825-FUREZ,0.12885510783851636,0
1296,5325-UWTWJ,0.3228771971088137,0
1297,3629-WEAAM,0.5457577874976208,1
1298,3345-PBBFH,0.5077750053372739,1
1299,3030-YDNRM,0.3955203357609393,0
1300,2722-JMONI,0.5961060379377342,1
1301,4690-LLKUA,0.29221263725652163,0
1302,4318-RAJVY,0.3713339733780946,0
1303,5371-VYLSX,0.10266044285146864,0
1304,7529-ZDFXI,0.0933438779365262,0
1305,0661-WCQNQ,0.38162546994245256,0
1306,7103-IPXPJ,0.15280877758040662,0
1307,3640-PHQXK,0.23221448881512477,0
1308,9101-NTIXF,0.4707413658847491,0
1309,2475-MROZF,0.3231042256329662,0
1310,8414-MYSHR,0.5335677411853812,1
1311,6087-YPWHO,0.06686799816772633,0
1312,2495-TTHBQ,0.2689651499537785,0
1313,8982-NHAVY,0.3124663867443317,0
1314,3280-MRDOF,0.28047381830818974,0
1315,2209-XADXF,0.48350544756780034,0
1316,3569-EDBPQ,0.3020225144048208,0
1317,7654-YWJUF,0.20512334866219425,0
1318,2542-HYGIQ,0.48350544756780034,0
1319,6094-ZIVKX,0.04356329189261343,0
1320,3508-VLHCZ,0.04927078264038483,0
1321,2115-BFTIW,0.2151779118569008,0
1322,1925-TIBLE,0.5205555992749203,1
1323,7319-ZNRTR,0.13923335105455123,0
1324,0224-RLWWD,0.4707413658847491,0
1325,4588-YBNIB,0.48350544756780034,0
1326,2223-GDSHL,0.04927078264038483,0
1327,6910-HADCM,0.534089038024752,1
1328,0921-OHLVP,0.2813200816795013,0
1329,8819-WFGGJ,0.08082715333140086,0
1330,3106-ULWFW,0.5077750053372739,1
1331,9018-PCIOK,0.09785676459548985,0
1332,6211-WWLTF,0.10198783888072954,0
1333,2684-EIWEO,0.28047381830818974,0
1334,8450-UYIBU,0.19773457621969193,0
1335,6791-YBNAK,0.18793130048264423,0
1336,3254-YRILK,0.3585060789318332,0
1337,4698-KVLLG,0.06758990755524301,0
1338,7608-RGIRO,0.01856894663012571,0
1339,8547-NSBBO,0.2698520089482772,0
1340,7241-AJHFS,0.2232172523123545,0
1341,7995-ZHHNZ,0.1533519390149753,0
1342,4710-NKCAW,0.4524846025383636,0
1343,6542-LWGXJ,0.5210783855272355,1
1344,1626-ERCMM,0.40604920045045234,0
1345,9208-OLGAQ,0.37035647141939976,0
1346,4369-NYSCF,0.11206051614526405,0
1347,2722-VOJQL,0.07732965859082117,0
1348,3682-YEUWS,0.2584235092066768,0
1349,5018-HEKFO,0.3713339733780946,0
1350,0810-BDHAW,0.2768331094258106,0
1351,3803-KMQFW,0.35579038200143,0
1352,1455-UGQVH,0.5827105329241552,1
1353,7601-DHFWZ,0.07792962725198484,0
1354,3719-TDVQB,0.0741162011911814,0
1355,1042-HFUCW,0.15852687197096962,0
1356,7786-WBJYI,0.4957674266081421,0
1357,3023-GFLBR,0.11624992916276776,0
1358,7711-GQBZC,0.015137617028330901,0
1359,2091-MJTFX,0.18697410975388878,0
1360,4847-QNOKA,0.48350544756780034,0
1361,8220-OCUFY,0.38187051055183624,0
1362,2379-ENZGV,0.5208147138514174,1
1363,5759-RCVCB,0.5085580491134075,1
1364,0221-WMXNQ,0.4957674266081421,0
1365,9600-UDOPK,0.2907004598408773,0
1366,5148-ORICT,0.1167136342839938,0
1367,6235-VDHOM,0.48298234169424387,0
1368,2674-MIAHT,0.4957674266081421,0
1369,3129-AAQOU,0.18024703489337168,0
1370,0013-MHZWF,0.3434403788502599,0
1371,5887-IKKYO,0.05203270894757969,0
1372,9732-EQMWY,0.18861990701127326,0
1373,8337-MSSXB,0.4192086259002629,0
1374,0602-DDUML,0.10706948205479423,0
1375,8868-WOZGU,0.34587752144587935,0
1376,3197-NNYNB,0.07375700192493545,0
1377,4508-OEBEY,0.41691752021452516,0
1378,8397-MVTAZ,0.29026871961554973,0
1379,8966-SNIZF,0.03409962209844124,0
1380,6508-NJYRO,0.37060288264200003,0
1381,5062-CJJKH,0.19520586637320728,0
1382,7663-RGWBC,0.48350544756780034,0
1383,3195-TQDZX,0.4580154358087444,0
1384,5649-ANRML,0.6666589163127284,1
1385,8033-ATFAS,0.10594387175359515,0
1386,9770-KXGQU,0.12826737184030906,0
1387,0623-IIHUG,0.3353275456155669,0
1388,4598-ZADCK,0.15267204979475008,0
1389,3108-PCCGG,0.08067166035377862,0
1390,6769-DYBQN,0.12310576577144342,0
1391,1337-BOZWO,0.2982180228735289,0
1392,7925-PNRGI,0.13798282007151821,0
1393,1768-HNVGJ,0.1532148131215382,0
1394,2823-LKABH,0.41869869144249144,0
1395,7233-IOQNP,0.17405661307829845,0
1396,2731-GJRDG,0.3454037392823198,0
1397,4441-NIHPT,0.3828599234758453,0
1398,3882-IYOIJ,0.0833964418610362,0
1399,8563-IIOXK,0.3322314701150093,0
1400,1217-VASWC,0.24012300243913987,0
1401,6447-EGDIV,0.16784339232462855,0
1402,9361-YNQWJ,0.03593402375069885,0
1403,4393-RYCRE,0.22212949991716974,0
1404,1597-FZREH,0.6666589163127284,1
1405,9117-SHLZX,0.48350544756780034,0
1406,8441-SHIPE,0.030979086012405427,0
1407,3511-BFTJW,0.02611521807692392,0
1408,1428-GTBJJ,0.40731061968896287,0
